--
-- PostgreSQL database dump
--

-- Dumped from database version 16.4
-- Dumped by pg_dump version 16.4

-- Started on 2024-10-16 23:42:57

SET statement_timeout = 0;
SET lock_timeout = 0;
SET idle_in_transaction_session_timeout = 0;
SET client_encoding = 'UTF8';
SET standard_conforming_strings = on;
SELECT pg_catalog.set_config('search_path', '', false);
SET check_function_bodies = false;
SET xmloption = content;
SET client_min_messages = warning;
SET row_security = off;

--
-- TOC entry 4 (class 2615 OID 2200)
-- Name: public; Type: SCHEMA; Schema: -; Owner: pg_database_owner
--

CREATE SCHEMA public;


ALTER SCHEMA public OWNER TO pg_database_owner;

--
-- TOC entry 4919 (class 0 OID 0)
-- Dependencies: 4
-- Name: SCHEMA public; Type: COMMENT; Schema: -; Owner: pg_database_owner
--

COMMENT ON SCHEMA public IS 'standard public schema';


SET default_tablespace = '';

SET default_table_access_method = heap;

--
-- TOC entry 222 (class 1259 OID 16786)
-- Name: auth_group; Type: TABLE; Schema: public; Owner: Pollis
--

CREATE TABLE public.auth_group (
    id integer NOT NULL,
    name character varying(150) NOT NULL
);


ALTER TABLE public.auth_group OWNER TO "Pollis";

--
-- TOC entry 221 (class 1259 OID 16785)
-- Name: auth_group_id_seq; Type: SEQUENCE; Schema: public; Owner: Pollis
--

ALTER TABLE public.auth_group ALTER COLUMN id ADD GENERATED BY DEFAULT AS IDENTITY (
    SEQUENCE NAME public.auth_group_id_seq
    START WITH 1
    INCREMENT BY 1
    NO MINVALUE
    NO MAXVALUE
    CACHE 1
);


--
-- TOC entry 224 (class 1259 OID 16794)
-- Name: auth_group_permissions; Type: TABLE; Schema: public; Owner: Pollis
--

CREATE TABLE public.auth_group_permissions (
    id bigint NOT NULL,
    group_id integer NOT NULL,
    permission_id integer NOT NULL
);


ALTER TABLE public.auth_group_permissions OWNER TO "Pollis";

--
-- TOC entry 223 (class 1259 OID 16793)
-- Name: auth_group_permissions_id_seq; Type: SEQUENCE; Schema: public; Owner: Pollis
--

ALTER TABLE public.auth_group_permissions ALTER COLUMN id ADD GENERATED BY DEFAULT AS IDENTITY (
    SEQUENCE NAME public.auth_group_permissions_id_seq
    START WITH 1
    INCREMENT BY 1
    NO MINVALUE
    NO MAXVALUE
    CACHE 1
);


--
-- TOC entry 220 (class 1259 OID 16780)
-- Name: auth_permission; Type: TABLE; Schema: public; Owner: Pollis
--

CREATE TABLE public.auth_permission (
    id integer NOT NULL,
    name character varying(255) NOT NULL,
    content_type_id integer NOT NULL,
    codename character varying(100) NOT NULL
);


ALTER TABLE public.auth_permission OWNER TO "Pollis";

--
-- TOC entry 219 (class 1259 OID 16779)
-- Name: auth_permission_id_seq; Type: SEQUENCE; Schema: public; Owner: Pollis
--

ALTER TABLE public.auth_permission ALTER COLUMN id ADD GENERATED BY DEFAULT AS IDENTITY (
    SEQUENCE NAME public.auth_permission_id_seq
    START WITH 1
    INCREMENT BY 1
    NO MINVALUE
    NO MAXVALUE
    CACHE 1
);


--
-- TOC entry 239 (class 1259 OID 24577)
-- Name: cart; Type: TABLE; Schema: public; Owner: Pollis
--

CREATE TABLE public.cart (
    id bigint NOT NULL,
    quantity integer NOT NULL,
    session_key character varying(32),
    created_timestamp timestamp with time zone NOT NULL,
    product_id bigint NOT NULL,
    user_id bigint,
    CONSTRAINT cart_quantity_check CHECK ((quantity >= 0))
);


ALTER TABLE public.cart OWNER TO "Pollis";

--
-- TOC entry 238 (class 1259 OID 24576)
-- Name: cart_id_seq; Type: SEQUENCE; Schema: public; Owner: Pollis
--

ALTER TABLE public.cart ALTER COLUMN id ADD GENERATED BY DEFAULT AS IDENTITY (
    SEQUENCE NAME public.cart_id_seq
    START WITH 1
    INCREMENT BY 1
    NO MINVALUE
    NO MAXVALUE
    CACHE 1
);


--
-- TOC entry 234 (class 1259 OID 16898)
-- Name: category; Type: TABLE; Schema: public; Owner: Pollis
--

CREATE TABLE public.category (
    id bigint NOT NULL,
    name character varying(150) NOT NULL,
    slug character varying(200)
);


ALTER TABLE public.category OWNER TO "Pollis";

--
-- TOC entry 233 (class 1259 OID 16897)
-- Name: category_id_seq; Type: SEQUENCE; Schema: public; Owner: Pollis
--

ALTER TABLE public.category ALTER COLUMN id ADD GENERATED BY DEFAULT AS IDENTITY (
    SEQUENCE NAME public.category_id_seq
    START WITH 1
    INCREMENT BY 1
    NO MINVALUE
    NO MAXVALUE
    CACHE 1
);


--
-- TOC entry 232 (class 1259 OID 16877)
-- Name: django_admin_log; Type: TABLE; Schema: public; Owner: Pollis
--

CREATE TABLE public.django_admin_log (
    id integer NOT NULL,
    action_time timestamp with time zone NOT NULL,
    object_id text,
    object_repr character varying(200) NOT NULL,
    action_flag smallint NOT NULL,
    change_message text NOT NULL,
    content_type_id integer,
    user_id bigint NOT NULL,
    CONSTRAINT django_admin_log_action_flag_check CHECK ((action_flag >= 0))
);


ALTER TABLE public.django_admin_log OWNER TO "Pollis";

--
-- TOC entry 231 (class 1259 OID 16876)
-- Name: django_admin_log_id_seq; Type: SEQUENCE; Schema: public; Owner: Pollis
--

ALTER TABLE public.django_admin_log ALTER COLUMN id ADD GENERATED BY DEFAULT AS IDENTITY (
    SEQUENCE NAME public.django_admin_log_id_seq
    START WITH 1
    INCREMENT BY 1
    NO MINVALUE
    NO MAXVALUE
    CACHE 1
);


--
-- TOC entry 218 (class 1259 OID 16772)
-- Name: django_content_type; Type: TABLE; Schema: public; Owner: Pollis
--

CREATE TABLE public.django_content_type (
    id integer NOT NULL,
    app_label character varying(100) NOT NULL,
    model character varying(100) NOT NULL
);


ALTER TABLE public.django_content_type OWNER TO "Pollis";

--
-- TOC entry 217 (class 1259 OID 16771)
-- Name: django_content_type_id_seq; Type: SEQUENCE; Schema: public; Owner: Pollis
--

ALTER TABLE public.django_content_type ALTER COLUMN id ADD GENERATED BY DEFAULT AS IDENTITY (
    SEQUENCE NAME public.django_content_type_id_seq
    START WITH 1
    INCREMENT BY 1
    NO MINVALUE
    NO MAXVALUE
    CACHE 1
);


--
-- TOC entry 216 (class 1259 OID 16764)
-- Name: django_migrations; Type: TABLE; Schema: public; Owner: Pollis
--

CREATE TABLE public.django_migrations (
    id bigint NOT NULL,
    app character varying(255) NOT NULL,
    name character varying(255) NOT NULL,
    applied timestamp with time zone NOT NULL
);


ALTER TABLE public.django_migrations OWNER TO "Pollis";

--
-- TOC entry 215 (class 1259 OID 16763)
-- Name: django_migrations_id_seq; Type: SEQUENCE; Schema: public; Owner: Pollis
--

ALTER TABLE public.django_migrations ALTER COLUMN id ADD GENERATED BY DEFAULT AS IDENTITY (
    SEQUENCE NAME public.django_migrations_id_seq
    START WITH 1
    INCREMENT BY 1
    NO MINVALUE
    NO MAXVALUE
    CACHE 1
);


--
-- TOC entry 237 (class 1259 OID 16930)
-- Name: django_session; Type: TABLE; Schema: public; Owner: Pollis
--

CREATE TABLE public.django_session (
    session_key character varying(40) NOT NULL,
    session_data text NOT NULL,
    expire_date timestamp with time zone NOT NULL
);


ALTER TABLE public.django_session OWNER TO "Pollis";

--
-- TOC entry 236 (class 1259 OID 16908)
-- Name: product; Type: TABLE; Schema: public; Owner: Pollis
--

CREATE TABLE public.product (
    id bigint NOT NULL,
    name character varying(150) NOT NULL,
    slug character varying(200),
    descrfiptions text,
    image character varying(100),
    price numeric(7,2) NOT NULL,
    discount numeric(4,2) NOT NULL,
    quantity integer NOT NULL,
    category_id bigint NOT NULL,
    CONSTRAINT product_quantity_check CHECK ((quantity >= 0))
);


ALTER TABLE public.product OWNER TO "Pollis";

--
-- TOC entry 235 (class 1259 OID 16907)
-- Name: product_id_seq; Type: SEQUENCE; Schema: public; Owner: Pollis
--

ALTER TABLE public.product ALTER COLUMN id ADD GENERATED BY DEFAULT AS IDENTITY (
    SEQUENCE NAME public.product_id_seq
    START WITH 1
    INCREMENT BY 1
    NO MINVALUE
    NO MAXVALUE
    CACHE 1
);


--
-- TOC entry 226 (class 1259 OID 16826)
-- Name: users_user; Type: TABLE; Schema: public; Owner: Pollis
--

CREATE TABLE public.users_user (
    id bigint NOT NULL,
    password character varying(128) NOT NULL,
    last_login timestamp with time zone,
    is_superuser boolean NOT NULL,
    username character varying(150) NOT NULL,
    first_name character varying(150) NOT NULL,
    last_name character varying(150) NOT NULL,
    email character varying(254) NOT NULL,
    is_staff boolean NOT NULL,
    is_active boolean NOT NULL,
    date_joined timestamp with time zone NOT NULL,
    image character varying(100)
);


ALTER TABLE public.users_user OWNER TO "Pollis";

--
-- TOC entry 228 (class 1259 OID 16836)
-- Name: users_user_groups; Type: TABLE; Schema: public; Owner: Pollis
--

CREATE TABLE public.users_user_groups (
    id bigint NOT NULL,
    user_id bigint NOT NULL,
    group_id integer NOT NULL
);


ALTER TABLE public.users_user_groups OWNER TO "Pollis";

--
-- TOC entry 227 (class 1259 OID 16835)
-- Name: users_user_groups_id_seq; Type: SEQUENCE; Schema: public; Owner: Pollis
--

ALTER TABLE public.users_user_groups ALTER COLUMN id ADD GENERATED BY DEFAULT AS IDENTITY (
    SEQUENCE NAME public.users_user_groups_id_seq
    START WITH 1
    INCREMENT BY 1
    NO MINVALUE
    NO MAXVALUE
    CACHE 1
);


--
-- TOC entry 225 (class 1259 OID 16825)
-- Name: users_user_id_seq; Type: SEQUENCE; Schema: public; Owner: Pollis
--

ALTER TABLE public.users_user ALTER COLUMN id ADD GENERATED BY DEFAULT AS IDENTITY (
    SEQUENCE NAME public.users_user_id_seq
    START WITH 1
    INCREMENT BY 1
    NO MINVALUE
    NO MAXVALUE
    CACHE 1
);


--
-- TOC entry 230 (class 1259 OID 16842)
-- Name: users_user_user_permissions; Type: TABLE; Schema: public; Owner: Pollis
--

CREATE TABLE public.users_user_user_permissions (
    id bigint NOT NULL,
    user_id bigint NOT NULL,
    permission_id integer NOT NULL
);


ALTER TABLE public.users_user_user_permissions OWNER TO "Pollis";

--
-- TOC entry 229 (class 1259 OID 16841)
-- Name: users_user_user_permissions_id_seq; Type: SEQUENCE; Schema: public; Owner: Pollis
--

ALTER TABLE public.users_user_user_permissions ALTER COLUMN id ADD GENERATED BY DEFAULT AS IDENTITY (
    SEQUENCE NAME public.users_user_user_permissions_id_seq
    START WITH 1
    INCREMENT BY 1
    NO MINVALUE
    NO MAXVALUE
    CACHE 1
);


--
-- TOC entry 4896 (class 0 OID 16786)
-- Dependencies: 222
-- Data for Name: auth_group; Type: TABLE DATA; Schema: public; Owner: Pollis
--

COPY public.auth_group (id, name) FROM stdin;
\.


--
-- TOC entry 4898 (class 0 OID 16794)
-- Dependencies: 224
-- Data for Name: auth_group_permissions; Type: TABLE DATA; Schema: public; Owner: Pollis
--

COPY public.auth_group_permissions (id, group_id, permission_id) FROM stdin;
\.


--
-- TOC entry 4894 (class 0 OID 16780)
-- Dependencies: 220
-- Data for Name: auth_permission; Type: TABLE DATA; Schema: public; Owner: Pollis
--

COPY public.auth_permission (id, name, content_type_id, codename) FROM stdin;
1	Can add log entry	1	add_logentry
2	Can change log entry	1	change_logentry
3	Can delete log entry	1	delete_logentry
4	Can view log entry	1	view_logentry
5	Can add permission	2	add_permission
6	Can change permission	2	change_permission
7	Can delete permission	2	delete_permission
8	Can view permission	2	view_permission
9	Can add group	3	add_group
10	Can change group	3	change_group
11	Can delete group	3	delete_group
12	Can view group	3	view_group
13	Can add content type	4	add_contenttype
14	Can change content type	4	change_contenttype
15	Can delete content type	4	delete_contenttype
16	Can view content type	4	view_contenttype
17	Can add session	5	add_session
18	Can change session	5	change_session
19	Can delete session	5	delete_session
20	Can view session	5	view_session
21	Can add Категорию	6	add_categories
22	Can change Категорию	6	change_categories
23	Can delete Категорию	6	delete_categories
24	Can view Категорию	6	view_categories
25	Can add Продукт	7	add_products
26	Can change Продукт	7	change_products
27	Can delete Продукт	7	delete_products
28	Can view Продукт	7	view_products
29	Can add user	8	add_user
30	Can change user	8	change_user
31	Can delete user	8	delete_user
32	Can view user	8	view_user
33	Can add Корзина	9	add_cart
34	Can change Корзина	9	change_cart
35	Can delete Корзина	9	delete_cart
36	Can view Корзина	9	view_cart
\.


--
-- TOC entry 4913 (class 0 OID 24577)
-- Dependencies: 239
-- Data for Name: cart; Type: TABLE DATA; Schema: public; Owner: Pollis
--

COPY public.cart (id, quantity, session_key, created_timestamp, product_id, user_id) FROM stdin;
20	1	\N	2024-09-29 01:16:22.993095+03	4	2
\.


--
-- TOC entry 4908 (class 0 OID 16898)
-- Dependencies: 234
-- Data for Name: category; Type: TABLE DATA; Schema: public; Owner: Pollis
--

COPY public.category (id, name, slug) FROM stdin;
6	Все товары	all
7	Cумки ручной работы	cumki-ruchnoj-raboty
8	Сумочки для телефона	sumochki-dlya-telefona
9	Кофточки	koftochki
10	Головные уборы	golovnye-ubory
\.


--
-- TOC entry 4906 (class 0 OID 16877)
-- Dependencies: 232
-- Data for Name: django_admin_log; Type: TABLE DATA; Schema: public; Owner: Pollis
--

COPY public.django_admin_log (id, action_time, object_id, object_repr, action_flag, change_message, content_type_id, user_id) FROM stdin;
1	2024-09-20 00:24:25.982533+03	5	├юыютэ√х єсюЁ√	3		6	1
2	2024-09-20 00:24:25.982533+03	4	┬ чрэ√х ъюЇЄюўъш	3		6	1
3	2024-09-20 00:24:25.983531+03	3	╤єьюўъш фы  ЄхыхЇюэр	3		6	1
4	2024-09-20 00:24:25.983531+03	2	╤єьюўъш Ёєўэющ ЁрсюЄ√	3		6	1
5	2024-09-20 00:24:25.983531+03	1	┬ёх ЄютрЁ√	3		6	1
6	2024-09-20 00:24:47.588524+03	6	Все товары	1	[{"added": {}}]	6	1
7	2024-09-20 00:25:10.360711+03	7	Cумки ручной работы	1	[{"added": {}}]	6	1
8	2024-09-20 00:25:25.085279+03	8	Сумочки для телефона	1	[{"added": {}}]	6	1
9	2024-09-20 00:25:44.033035+03	9	Кофточки	1	[{"added": {}}]	6	1
10	2024-09-20 00:27:23.678371+03	1	Сумка ручной работы Количество - 1	1	[{"added": {}}]	7	1
11	2024-09-20 00:28:38.454657+03	2	Сумочка для телефона(черная) Количество - 1	1	[{"added": {}}]	7	1
12	2024-09-20 00:29:37.378367+03	3	Сумочка для телефона(оранж.) Количество - 1	1	[{"added": {}}]	7	1
13	2024-09-20 00:30:49.698691+03	4	Сумка "авоська" Количество - 1	1	[{"added": {}}]	7	1
14	2024-09-20 00:34:21.903931+03	5	Сумочка ручной работы Количество - 1	1	[{"added": {}}]	7	1
15	2024-09-29 00:18:53.307233+03	2	evgen	1	[{"added": {}}]	8	1
16	2024-09-29 00:21:16.545911+03	10	Головные уборы	1	[{"added": {}}]	6	1
17	2024-09-29 00:21:28.773523+03	6	Панамка детская с косичками Количество - 1	1	[{"added": {}}]	7	1
18	2024-09-29 01:16:23.06605+03	20	Корзина evgen | Товар Сумка "авоська" | Количество 1	1	[{"added": {}}]	9	1
19	2024-09-29 13:07:34.310749+03	3	evgen1	2	[]	8	1
20	2024-10-16 23:24:52.364939+03	7	кофточка-сетка Количество - 0	1	[{"added": {}}]	7	1
21	2024-10-16 23:25:34.186553+03	7	кофточка-сетка Количество - 0	2	[{"changed": {"fields": ["\\u0418\\u0437\\u043e\\u0431\\u0440\\u0430\\u0436\\u0435\\u043d\\u0438\\u0435"]}}]	7	1
\.


--
-- TOC entry 4892 (class 0 OID 16772)
-- Dependencies: 218
-- Data for Name: django_content_type; Type: TABLE DATA; Schema: public; Owner: Pollis
--

COPY public.django_content_type (id, app_label, model) FROM stdin;
1	admin	logentry
2	auth	permission
3	auth	group
4	contenttypes	contenttype
5	sessions	session
6	goods	categories
7	goods	products
8	users	user
9	carts	cart
\.


--
-- TOC entry 4890 (class 0 OID 16764)
-- Dependencies: 216
-- Data for Name: django_migrations; Type: TABLE DATA; Schema: public; Owner: Pollis
--

COPY public.django_migrations (id, app, name, applied) FROM stdin;
1	contenttypes	0001_initial	2024-09-20 00:17:33.146497+03
2	contenttypes	0002_remove_content_type_name	2024-09-20 00:17:33.235443+03
3	auth	0001_initial	2024-09-20 00:17:33.667179+03
4	auth	0002_alter_permission_name_max_length	2024-09-20 00:17:33.680171+03
5	auth	0003_alter_user_email_max_length	2024-09-20 00:17:33.698157+03
6	auth	0004_alter_user_username_opts	2024-09-20 00:17:33.71115+03
7	auth	0005_alter_user_last_login_null	2024-09-20 00:17:33.724147+03
8	auth	0006_require_contenttypes_0002	2024-09-20 00:17:33.727139+03
9	auth	0007_alter_validators_add_error_messages	2024-09-20 00:17:33.741129+03
10	auth	0008_alter_user_username_max_length	2024-09-20 00:17:33.754126+03
11	auth	0009_alter_user_last_name_max_length	2024-09-20 00:17:33.770721+03
12	auth	0010_alter_group_name_max_length	2024-09-20 00:17:33.839681+03
13	auth	0011_update_proxy_permissions	2024-09-20 00:17:33.849675+03
14	auth	0012_alter_user_first_name_max_length	2024-09-20 00:17:33.877659+03
15	users	0001_initial	2024-09-20 00:17:34.309621+03
16	admin	0001_initial	2024-09-20 00:17:34.485509+03
17	admin	0002_logentry_remove_auto_add	2024-09-20 00:17:34.506496+03
18	admin	0003_logentry_add_action_flag_choices	2024-09-20 00:17:34.528485+03
19	goods	0001_initial	2024-09-20 00:17:34.819307+03
20	goods	0002_alter_products_options	2024-09-20 00:17:34.825301+03
21	sessions	0001_initial	2024-09-20 00:17:34.930236+03
22	carts	0001_initial	2024-09-23 21:55:14.521227+03
\.


--
-- TOC entry 4911 (class 0 OID 16930)
-- Dependencies: 237
-- Data for Name: django_session; Type: TABLE DATA; Schema: public; Owner: Pollis
--

COPY public.django_session (session_key, session_data, expire_date) FROM stdin;
trrbuohjc5f3dvk6flvjc4y2cfmz1xqs	.eJxVjDsOwjAQRO_iGln-xB9R0nMGa9e7wQFkS3FSRdydREoB3Wjem9lEgnUpae08p4nEVWhx-e0Q8ovrAegJ9dFkbnWZJ5SHIk_a5b0Rv2-n-3dQoJd9bTh6CEG7YFhlpYhw0I6cJR2HqP24B4iKXbaQAa1jRE0elTKGRvbi8wXWUDgN:1svGl5:YDzWzd1LZ1VTYSIOm38TqF34PoMaqC8KQc12Ozr5msE	2024-10-14 16:48:15.568525+03
acn4jzawxcox8jakselknmzd35iadp7q	.eJxVjDsOwjAQRO_iGln-xB9R0nMGa9e7wQFkS3FSRdydREoB3Wjem9lEgnUpae08p4nEVWhx-e0Q8ovrAegJ9dFkbnWZJ5SHIk_a5b0Rv2-n-3dQoJd9bTh6CEG7YFhlpYhw0I6cJR2HqP24B4iKXbaQAa1jRE0elTKGRvbi8wXWUDgN:1svGlu:YrA4Zupr0bDvdJYqpoQzVZ-eira43EW_-F3DiEREMYE	2024-10-14 16:49:06.123068+03
dy30ctumv7xk8cgq1g8mmrn5qyagf17h	.eJxVjDsOwjAQRO_iGln-xB9R0nMGa9e7wQFkS3FSRdydREoB3Wjem9lEgnUpae08p4nEVWhx-e0Q8ovrAegJ9dFkbnWZJ5SHIk_a5b0Rv2-n-3dQoJd9bTh6CEG7YFhlpYhw0I6cJR2HqP24B4iKXbaQAa1jRE0elTKGRvbi8wXWUDgN:1t1AYV:EOyIWlJRdAs6r8wkTzJtbd0fbUYSFh9E-Jz3xVeNAhE	2024-10-30 23:23:39.601617+03
v9qskk3oma4x7ssissxh4nhp3wi1uvoc	.eJxVjDsOwjAQRO_iGln-xB9R0nMGa9e7wQFkS3FSRdydREoB3Wjem9lEgnUpae08p4nEVWhx-e0Q8ovrAegJ9dFkbnWZJ5SHIk_a5b0Rv2-n-3dQoJd9bTh6CEG7YFhlpYhw0I6cJR2HqP24B4iKXbaQAa1jRE0elTKGRvbi8wXWUDgN:1t1AYW:xHDvOJa4G9Viy4xBFOkPuQr0arfHOFRrmoZ5ZC91gso	2024-10-30 23:23:40.038089+03
\.


--
-- TOC entry 4910 (class 0 OID 16908)
-- Dependencies: 236
-- Data for Name: product; Type: TABLE DATA; Schema: public; Owner: Pollis
--

COPY public.product (id, name, slug, descrfiptions, image, price, discount, quantity, category_id) FROM stdin;
1	Сумка ручной работы	sumka-ruchnoj-raboty	Сумка ручной работы, модная, стильная.....	goods_images/sumochka2_Oct6uuw.jpg	5000.00	0.00	1	7
2	Сумочка для телефона(черная)	sumochka-dlya-telefonachernaya	Сумочка ручной работы для телефона(черная), с ремешком через плечо	goods_images/sumochka_tel_39Qo7Gn.jpg	700.00	0.00	1	8
3	Сумочка для телефона(оранж.)	sumochka-dlya-telefonaoranzh	Сумочка ручной работы для телефона ярко-оранжевая, с ремешком через плечо	goods_images/sumochka_tel1_DndkrWY.jpg	700.00	0.00	1	8
4	Сумка "авоська"	sumka-avoska	Сумка, аналог авоськи из СССР.\r\nочень удобная и практичная	goods_images/sumochka3_xX0xLNh.jpg	1500.00	10.00	1	7
5	Сумочка ручной работы	sumochka-ruchnoj-raboty	Оригинальная сумочка ручной работы для изысканной модницы	goods_images/sumochka4.jpg	5000.00	10.00	1	7
6	Панамка детская с косичками	panamka-detskaya-s-kosichkami	Детская панама с  вязаными косичками. Отлично подойдет для маленькой модницы	goods_images/panama_bDrvicH.jpg	1300.00	0.00	1	10
7	кофточка-сетка	koftochka-setka		goods_images/kofta_setka_DeD0Tw1.jpg	1300.00	0.00	0	9
\.


--
-- TOC entry 4900 (class 0 OID 16826)
-- Dependencies: 226
-- Data for Name: users_user; Type: TABLE DATA; Schema: public; Owner: Pollis
--

COPY public.users_user (id, password, last_login, is_superuser, username, first_name, last_name, email, is_staff, is_active, date_joined, image) FROM stdin;
2	evgen	2024-09-29 00:18:02+03	t	evgen	evgen	ev	kdhf@kjg.ru	f	t	2024-09-29 00:17:40+03	
3	pbkdf2_sha256$870000$mPrwSWLQ5TH2KWOFcyqKk6$uX4psJ7Ix2MA+eBuyAKjnXtRk6/Q5jWQPQd2ZxHgpcE=	2024-10-15 23:34:04.336667+03	f	evgen1	evgeniy	st	gerokrat@mail.ru	f	t	2024-09-29 12:54:15+03	
1	pbkdf2_sha256$870000$6y4w2NfLUpE5JsUQGnIO5P$pxk9QOkGy55HgJYzORlH0fKaWWbPW3ia6zuuPRc4E9k=	2024-10-16 23:23:39.847647+03	t	admin				t	t	2024-09-20 00:18:39.000639+03	
\.


--
-- TOC entry 4902 (class 0 OID 16836)
-- Dependencies: 228
-- Data for Name: users_user_groups; Type: TABLE DATA; Schema: public; Owner: Pollis
--

COPY public.users_user_groups (id, user_id, group_id) FROM stdin;
\.


--
-- TOC entry 4904 (class 0 OID 16842)
-- Dependencies: 230
-- Data for Name: users_user_user_permissions; Type: TABLE DATA; Schema: public; Owner: Pollis
--

COPY public.users_user_user_permissions (id, user_id, permission_id) FROM stdin;
1	2	11
\.


--
-- TOC entry 4920 (class 0 OID 0)
-- Dependencies: 221
-- Name: auth_group_id_seq; Type: SEQUENCE SET; Schema: public; Owner: Pollis
--

SELECT pg_catalog.setval('public.auth_group_id_seq', 1, false);


--
-- TOC entry 4921 (class 0 OID 0)
-- Dependencies: 223
-- Name: auth_group_permissions_id_seq; Type: SEQUENCE SET; Schema: public; Owner: Pollis
--

SELECT pg_catalog.setval('public.auth_group_permissions_id_seq', 1, false);


--
-- TOC entry 4922 (class 0 OID 0)
-- Dependencies: 219
-- Name: auth_permission_id_seq; Type: SEQUENCE SET; Schema: public; Owner: Pollis
--

SELECT pg_catalog.setval('public.auth_permission_id_seq', 36, true);


--
-- TOC entry 4923 (class 0 OID 0)
-- Dependencies: 238
-- Name: cart_id_seq; Type: SEQUENCE SET; Schema: public; Owner: Pollis
--

SELECT pg_catalog.setval('public.cart_id_seq', 25, true);


--
-- TOC entry 4924 (class 0 OID 0)
-- Dependencies: 233
-- Name: category_id_seq; Type: SEQUENCE SET; Schema: public; Owner: Pollis
--

SELECT pg_catalog.setval('public.category_id_seq', 10, true);


--
-- TOC entry 4925 (class 0 OID 0)
-- Dependencies: 231
-- Name: django_admin_log_id_seq; Type: SEQUENCE SET; Schema: public; Owner: Pollis
--

SELECT pg_catalog.setval('public.django_admin_log_id_seq', 21, true);


--
-- TOC entry 4926 (class 0 OID 0)
-- Dependencies: 217
-- Name: django_content_type_id_seq; Type: SEQUENCE SET; Schema: public; Owner: Pollis
--

SELECT pg_catalog.setval('public.django_content_type_id_seq', 9, true);


--
-- TOC entry 4927 (class 0 OID 0)
-- Dependencies: 215
-- Name: django_migrations_id_seq; Type: SEQUENCE SET; Schema: public; Owner: Pollis
--

SELECT pg_catalog.setval('public.django_migrations_id_seq', 22, true);


--
-- TOC entry 4928 (class 0 OID 0)
-- Dependencies: 235
-- Name: product_id_seq; Type: SEQUENCE SET; Schema: public; Owner: Pollis
--

SELECT pg_catalog.setval('public.product_id_seq', 7, true);


--
-- TOC entry 4929 (class 0 OID 0)
-- Dependencies: 227
-- Name: users_user_groups_id_seq; Type: SEQUENCE SET; Schema: public; Owner: Pollis
--

SELECT pg_catalog.setval('public.users_user_groups_id_seq', 1, false);


--
-- TOC entry 4930 (class 0 OID 0)
-- Dependencies: 225
-- Name: users_user_id_seq; Type: SEQUENCE SET; Schema: public; Owner: Pollis
--

SELECT pg_catalog.setval('public.users_user_id_seq', 3, true);


--
-- TOC entry 4931 (class 0 OID 0)
-- Dependencies: 229
-- Name: users_user_user_permissions_id_seq; Type: SEQUENCE SET; Schema: public; Owner: Pollis
--

SELECT pg_catalog.setval('public.users_user_user_permissions_id_seq', 1, true);


--
-- TOC entry 4679 (class 2606 OID 16823)
-- Name: auth_group auth_group_name_key; Type: CONSTRAINT; Schema: public; Owner: Pollis
--

ALTER TABLE ONLY public.auth_group
    ADD CONSTRAINT auth_group_name_key UNIQUE (name);


--
-- TOC entry 4684 (class 2606 OID 16809)
-- Name: auth_group_permissions auth_group_permissions_group_id_permission_id_0cd325b0_uniq; Type: CONSTRAINT; Schema: public; Owner: Pollis
--

ALTER TABLE ONLY public.auth_group_permissions
    ADD CONSTRAINT auth_group_permissions_group_id_permission_id_0cd325b0_uniq UNIQUE (group_id, permission_id);


--
-- TOC entry 4687 (class 2606 OID 16798)
-- Name: auth_group_permissions auth_group_permissions_pkey; Type: CONSTRAINT; Schema: public; Owner: Pollis
--

ALTER TABLE ONLY public.auth_group_permissions
    ADD CONSTRAINT auth_group_permissions_pkey PRIMARY KEY (id);


--
-- TOC entry 4681 (class 2606 OID 16790)
-- Name: auth_group auth_group_pkey; Type: CONSTRAINT; Schema: public; Owner: Pollis
--

ALTER TABLE ONLY public.auth_group
    ADD CONSTRAINT auth_group_pkey PRIMARY KEY (id);


--
-- TOC entry 4674 (class 2606 OID 16800)
-- Name: auth_permission auth_permission_content_type_id_codename_01ab375a_uniq; Type: CONSTRAINT; Schema: public; Owner: Pollis
--

ALTER TABLE ONLY public.auth_permission
    ADD CONSTRAINT auth_permission_content_type_id_codename_01ab375a_uniq UNIQUE (content_type_id, codename);


--
-- TOC entry 4676 (class 2606 OID 16784)
-- Name: auth_permission auth_permission_pkey; Type: CONSTRAINT; Schema: public; Owner: Pollis
--

ALTER TABLE ONLY public.auth_permission
    ADD CONSTRAINT auth_permission_pkey PRIMARY KEY (id);


--
-- TOC entry 4731 (class 2606 OID 24582)
-- Name: cart cart_pkey; Type: CONSTRAINT; Schema: public; Owner: Pollis
--

ALTER TABLE ONLY public.cart
    ADD CONSTRAINT cart_pkey PRIMARY KEY (id);


--
-- TOC entry 4711 (class 2606 OID 16904)
-- Name: category category_name_key; Type: CONSTRAINT; Schema: public; Owner: Pollis
--

ALTER TABLE ONLY public.category
    ADD CONSTRAINT category_name_key UNIQUE (name);


--
-- TOC entry 4713 (class 2606 OID 16902)
-- Name: category category_pkey; Type: CONSTRAINT; Schema: public; Owner: Pollis
--

ALTER TABLE ONLY public.category
    ADD CONSTRAINT category_pkey PRIMARY KEY (id);


--
-- TOC entry 4716 (class 2606 OID 16906)
-- Name: category category_slug_key; Type: CONSTRAINT; Schema: public; Owner: Pollis
--

ALTER TABLE ONLY public.category
    ADD CONSTRAINT category_slug_key UNIQUE (slug);


--
-- TOC entry 4707 (class 2606 OID 16884)
-- Name: django_admin_log django_admin_log_pkey; Type: CONSTRAINT; Schema: public; Owner: Pollis
--

ALTER TABLE ONLY public.django_admin_log
    ADD CONSTRAINT django_admin_log_pkey PRIMARY KEY (id);


--
-- TOC entry 4669 (class 2606 OID 16778)
-- Name: django_content_type django_content_type_app_label_model_76bd3d3b_uniq; Type: CONSTRAINT; Schema: public; Owner: Pollis
--

ALTER TABLE ONLY public.django_content_type
    ADD CONSTRAINT django_content_type_app_label_model_76bd3d3b_uniq UNIQUE (app_label, model);


--
-- TOC entry 4671 (class 2606 OID 16776)
-- Name: django_content_type django_content_type_pkey; Type: CONSTRAINT; Schema: public; Owner: Pollis
--

ALTER TABLE ONLY public.django_content_type
    ADD CONSTRAINT django_content_type_pkey PRIMARY KEY (id);


--
-- TOC entry 4667 (class 2606 OID 16770)
-- Name: django_migrations django_migrations_pkey; Type: CONSTRAINT; Schema: public; Owner: Pollis
--

ALTER TABLE ONLY public.django_migrations
    ADD CONSTRAINT django_migrations_pkey PRIMARY KEY (id);


--
-- TOC entry 4728 (class 2606 OID 16936)
-- Name: django_session django_session_pkey; Type: CONSTRAINT; Schema: public; Owner: Pollis
--

ALTER TABLE ONLY public.django_session
    ADD CONSTRAINT django_session_pkey PRIMARY KEY (session_key);


--
-- TOC entry 4720 (class 2606 OID 16917)
-- Name: product product_name_key; Type: CONSTRAINT; Schema: public; Owner: Pollis
--

ALTER TABLE ONLY public.product
    ADD CONSTRAINT product_name_key UNIQUE (name);


--
-- TOC entry 4722 (class 2606 OID 16915)
-- Name: product product_pkey; Type: CONSTRAINT; Schema: public; Owner: Pollis
--

ALTER TABLE ONLY public.product
    ADD CONSTRAINT product_pkey PRIMARY KEY (id);


--
-- TOC entry 4725 (class 2606 OID 16919)
-- Name: product product_slug_key; Type: CONSTRAINT; Schema: public; Owner: Pollis
--

ALTER TABLE ONLY public.product
    ADD CONSTRAINT product_slug_key UNIQUE (slug);


--
-- TOC entry 4695 (class 2606 OID 16840)
-- Name: users_user_groups users_user_groups_pkey; Type: CONSTRAINT; Schema: public; Owner: Pollis
--

ALTER TABLE ONLY public.users_user_groups
    ADD CONSTRAINT users_user_groups_pkey PRIMARY KEY (id);


--
-- TOC entry 4698 (class 2606 OID 16849)
-- Name: users_user_groups users_user_groups_user_id_group_id_b88eab82_uniq; Type: CONSTRAINT; Schema: public; Owner: Pollis
--

ALTER TABLE ONLY public.users_user_groups
    ADD CONSTRAINT users_user_groups_user_id_group_id_b88eab82_uniq UNIQUE (user_id, group_id);


--
-- TOC entry 4689 (class 2606 OID 16832)
-- Name: users_user users_user_pkey; Type: CONSTRAINT; Schema: public; Owner: Pollis
--

ALTER TABLE ONLY public.users_user
    ADD CONSTRAINT users_user_pkey PRIMARY KEY (id);


--
-- TOC entry 4701 (class 2606 OID 16846)
-- Name: users_user_user_permissions users_user_user_permissions_pkey; Type: CONSTRAINT; Schema: public; Owner: Pollis
--

ALTER TABLE ONLY public.users_user_user_permissions
    ADD CONSTRAINT users_user_user_permissions_pkey PRIMARY KEY (id);


--
-- TOC entry 4704 (class 2606 OID 16863)
-- Name: users_user_user_permissions users_user_user_permissions_user_id_permission_id_43338c45_uniq; Type: CONSTRAINT; Schema: public; Owner: Pollis
--

ALTER TABLE ONLY public.users_user_user_permissions
    ADD CONSTRAINT users_user_user_permissions_user_id_permission_id_43338c45_uniq UNIQUE (user_id, permission_id);


--
-- TOC entry 4692 (class 2606 OID 16834)
-- Name: users_user users_user_username_key; Type: CONSTRAINT; Schema: public; Owner: Pollis
--

ALTER TABLE ONLY public.users_user
    ADD CONSTRAINT users_user_username_key UNIQUE (username);


--
-- TOC entry 4677 (class 1259 OID 16824)
-- Name: auth_group_name_a6ea08ec_like; Type: INDEX; Schema: public; Owner: Pollis
--

CREATE INDEX auth_group_name_a6ea08ec_like ON public.auth_group USING btree (name varchar_pattern_ops);


--
-- TOC entry 4682 (class 1259 OID 16820)
-- Name: auth_group_permissions_group_id_b120cbf9; Type: INDEX; Schema: public; Owner: Pollis
--

CREATE INDEX auth_group_permissions_group_id_b120cbf9 ON public.auth_group_permissions USING btree (group_id);


--
-- TOC entry 4685 (class 1259 OID 16821)
-- Name: auth_group_permissions_permission_id_84c5c92e; Type: INDEX; Schema: public; Owner: Pollis
--

CREATE INDEX auth_group_permissions_permission_id_84c5c92e ON public.auth_group_permissions USING btree (permission_id);


--
-- TOC entry 4672 (class 1259 OID 16806)
-- Name: auth_permission_content_type_id_2f476e4b; Type: INDEX; Schema: public; Owner: Pollis
--

CREATE INDEX auth_permission_content_type_id_2f476e4b ON public.auth_permission USING btree (content_type_id);


--
-- TOC entry 4732 (class 1259 OID 24593)
-- Name: cart_product_id_508e72da; Type: INDEX; Schema: public; Owner: Pollis
--

CREATE INDEX cart_product_id_508e72da ON public.cart USING btree (product_id);


--
-- TOC entry 4733 (class 1259 OID 24594)
-- Name: cart_user_id_1361a739; Type: INDEX; Schema: public; Owner: Pollis
--

CREATE INDEX cart_user_id_1361a739 ON public.cart USING btree (user_id);


--
-- TOC entry 4709 (class 1259 OID 16920)
-- Name: category_name_15cb1e98_like; Type: INDEX; Schema: public; Owner: Pollis
--

CREATE INDEX category_name_15cb1e98_like ON public.category USING btree (name varchar_pattern_ops);


--
-- TOC entry 4714 (class 1259 OID 16921)
-- Name: category_slug_fd4fc841_like; Type: INDEX; Schema: public; Owner: Pollis
--

CREATE INDEX category_slug_fd4fc841_like ON public.category USING btree (slug varchar_pattern_ops);


--
-- TOC entry 4705 (class 1259 OID 16895)
-- Name: django_admin_log_content_type_id_c4bce8eb; Type: INDEX; Schema: public; Owner: Pollis
--

CREATE INDEX django_admin_log_content_type_id_c4bce8eb ON public.django_admin_log USING btree (content_type_id);


--
-- TOC entry 4708 (class 1259 OID 16896)
-- Name: django_admin_log_user_id_c564eba6; Type: INDEX; Schema: public; Owner: Pollis
--

CREATE INDEX django_admin_log_user_id_c564eba6 ON public.django_admin_log USING btree (user_id);


--
-- TOC entry 4726 (class 1259 OID 16938)
-- Name: django_session_expire_date_a5c62663; Type: INDEX; Schema: public; Owner: Pollis
--

CREATE INDEX django_session_expire_date_a5c62663 ON public.django_session USING btree (expire_date);


--
-- TOC entry 4729 (class 1259 OID 16937)
-- Name: django_session_session_key_c0390e0f_like; Type: INDEX; Schema: public; Owner: Pollis
--

CREATE INDEX django_session_session_key_c0390e0f_like ON public.django_session USING btree (session_key varchar_pattern_ops);


--
-- TOC entry 4717 (class 1259 OID 16929)
-- Name: product_category_id_640030a0; Type: INDEX; Schema: public; Owner: Pollis
--

CREATE INDEX product_category_id_640030a0 ON public.product USING btree (category_id);


--
-- TOC entry 4718 (class 1259 OID 16927)
-- Name: product_name_af48c283_like; Type: INDEX; Schema: public; Owner: Pollis
--

CREATE INDEX product_name_af48c283_like ON public.product USING btree (name varchar_pattern_ops);


--
-- TOC entry 4723 (class 1259 OID 16928)
-- Name: product_slug_c4732ed0_like; Type: INDEX; Schema: public; Owner: Pollis
--

CREATE INDEX product_slug_c4732ed0_like ON public.product USING btree (slug varchar_pattern_ops);


--
-- TOC entry 4693 (class 1259 OID 16861)
-- Name: users_user_groups_group_id_9afc8d0e; Type: INDEX; Schema: public; Owner: Pollis
--

CREATE INDEX users_user_groups_group_id_9afc8d0e ON public.users_user_groups USING btree (group_id);


--
-- TOC entry 4696 (class 1259 OID 16860)
-- Name: users_user_groups_user_id_5f6f5a90; Type: INDEX; Schema: public; Owner: Pollis
--

CREATE INDEX users_user_groups_user_id_5f6f5a90 ON public.users_user_groups USING btree (user_id);


--
-- TOC entry 4699 (class 1259 OID 16875)
-- Name: users_user_user_permissions_permission_id_0b93982e; Type: INDEX; Schema: public; Owner: Pollis
--

CREATE INDEX users_user_user_permissions_permission_id_0b93982e ON public.users_user_user_permissions USING btree (permission_id);


--
-- TOC entry 4702 (class 1259 OID 16874)
-- Name: users_user_user_permissions_user_id_20aca447; Type: INDEX; Schema: public; Owner: Pollis
--

CREATE INDEX users_user_user_permissions_user_id_20aca447 ON public.users_user_user_permissions USING btree (user_id);


--
-- TOC entry 4690 (class 1259 OID 16847)
-- Name: users_user_username_06e46fe6_like; Type: INDEX; Schema: public; Owner: Pollis
--

CREATE INDEX users_user_username_06e46fe6_like ON public.users_user USING btree (username varchar_pattern_ops);


--
-- TOC entry 4735 (class 2606 OID 16815)
-- Name: auth_group_permissions auth_group_permissio_permission_id_84c5c92e_fk_auth_perm; Type: FK CONSTRAINT; Schema: public; Owner: Pollis
--

ALTER TABLE ONLY public.auth_group_permissions
    ADD CONSTRAINT auth_group_permissio_permission_id_84c5c92e_fk_auth_perm FOREIGN KEY (permission_id) REFERENCES public.auth_permission(id) DEFERRABLE INITIALLY DEFERRED;


--
-- TOC entry 4736 (class 2606 OID 16810)
-- Name: auth_group_permissions auth_group_permissions_group_id_b120cbf9_fk_auth_group_id; Type: FK CONSTRAINT; Schema: public; Owner: Pollis
--

ALTER TABLE ONLY public.auth_group_permissions
    ADD CONSTRAINT auth_group_permissions_group_id_b120cbf9_fk_auth_group_id FOREIGN KEY (group_id) REFERENCES public.auth_group(id) DEFERRABLE INITIALLY DEFERRED;


--
-- TOC entry 4734 (class 2606 OID 16801)
-- Name: auth_permission auth_permission_content_type_id_2f476e4b_fk_django_co; Type: FK CONSTRAINT; Schema: public; Owner: Pollis
--

ALTER TABLE ONLY public.auth_permission
    ADD CONSTRAINT auth_permission_content_type_id_2f476e4b_fk_django_co FOREIGN KEY (content_type_id) REFERENCES public.django_content_type(id) DEFERRABLE INITIALLY DEFERRED;


--
-- TOC entry 4744 (class 2606 OID 24583)
-- Name: cart cart_product_id_508e72da_fk_product_id; Type: FK CONSTRAINT; Schema: public; Owner: Pollis
--

ALTER TABLE ONLY public.cart
    ADD CONSTRAINT cart_product_id_508e72da_fk_product_id FOREIGN KEY (product_id) REFERENCES public.product(id) DEFERRABLE INITIALLY DEFERRED;


--
-- TOC entry 4745 (class 2606 OID 24588)
-- Name: cart cart_user_id_1361a739_fk_users_user_id; Type: FK CONSTRAINT; Schema: public; Owner: Pollis
--

ALTER TABLE ONLY public.cart
    ADD CONSTRAINT cart_user_id_1361a739_fk_users_user_id FOREIGN KEY (user_id) REFERENCES public.users_user(id) DEFERRABLE INITIALLY DEFERRED;


--
-- TOC entry 4741 (class 2606 OID 16885)
-- Name: django_admin_log django_admin_log_content_type_id_c4bce8eb_fk_django_co; Type: FK CONSTRAINT; Schema: public; Owner: Pollis
--

ALTER TABLE ONLY public.django_admin_log
    ADD CONSTRAINT django_admin_log_content_type_id_c4bce8eb_fk_django_co FOREIGN KEY (content_type_id) REFERENCES public.django_content_type(id) DEFERRABLE INITIALLY DEFERRED;


--
-- TOC entry 4742 (class 2606 OID 16890)
-- Name: django_admin_log django_admin_log_user_id_c564eba6_fk_users_user_id; Type: FK CONSTRAINT; Schema: public; Owner: Pollis
--

ALTER TABLE ONLY public.django_admin_log
    ADD CONSTRAINT django_admin_log_user_id_c564eba6_fk_users_user_id FOREIGN KEY (user_id) REFERENCES public.users_user(id) DEFERRABLE INITIALLY DEFERRED;


--
-- TOC entry 4743 (class 2606 OID 16922)
-- Name: product product_category_id_640030a0_fk_category_id; Type: FK CONSTRAINT; Schema: public; Owner: Pollis
--

ALTER TABLE ONLY public.product
    ADD CONSTRAINT product_category_id_640030a0_fk_category_id FOREIGN KEY (category_id) REFERENCES public.category(id) DEFERRABLE INITIALLY DEFERRED;


--
-- TOC entry 4737 (class 2606 OID 16855)
-- Name: users_user_groups users_user_groups_group_id_9afc8d0e_fk_auth_group_id; Type: FK CONSTRAINT; Schema: public; Owner: Pollis
--

ALTER TABLE ONLY public.users_user_groups
    ADD CONSTRAINT users_user_groups_group_id_9afc8d0e_fk_auth_group_id FOREIGN KEY (group_id) REFERENCES public.auth_group(id) DEFERRABLE INITIALLY DEFERRED;


--
-- TOC entry 4738 (class 2606 OID 16850)
-- Name: users_user_groups users_user_groups_user_id_5f6f5a90_fk_users_user_id; Type: FK CONSTRAINT; Schema: public; Owner: Pollis
--

ALTER TABLE ONLY public.users_user_groups
    ADD CONSTRAINT users_user_groups_user_id_5f6f5a90_fk_users_user_id FOREIGN KEY (user_id) REFERENCES public.users_user(id) DEFERRABLE INITIALLY DEFERRED;


--
-- TOC entry 4739 (class 2606 OID 16869)
-- Name: users_user_user_permissions users_user_user_perm_permission_id_0b93982e_fk_auth_perm; Type: FK CONSTRAINT; Schema: public; Owner: Pollis
--

ALTER TABLE ONLY public.users_user_user_permissions
    ADD CONSTRAINT users_user_user_perm_permission_id_0b93982e_fk_auth_perm FOREIGN KEY (permission_id) REFERENCES public.auth_permission(id) DEFERRABLE INITIALLY DEFERRED;


--
-- TOC entry 4740 (class 2606 OID 16864)
-- Name: users_user_user_permissions users_user_user_permissions_user_id_20aca447_fk_users_user_id; Type: FK CONSTRAINT; Schema: public; Owner: Pollis
--

ALTER TABLE ONLY public.users_user_user_permissions
    ADD CONSTRAINT users_user_user_permissions_user_id_20aca447_fk_users_user_id FOREIGN KEY (user_id) REFERENCES public.users_user(id) DEFERRABLE INITIALLY DEFERRED;


-- Completed on 2024-10-16 23:42:57

--
-- PostgreSQL database dump complete
--

